item_id,source,source_id,source_type,source_url,title,summary,published_at,discovered_at,stage,score,score_breakdown,platforms,issue_types,intent_flags,business_name,business_url,audit,offer_key,offer_fit,action_hint,sales_route,cta_label,cta_destination,contact_email,reply_subject,reply_draft,follow_up_draft,tags
1cbb22984a13ec86,Reddit /r/TechSEO,reddit-techseo,forum,https://www.reddit.com/r/TechSEO/comments/1soiimi/bing_icons,Bing Icons,"Have launched a few websites, and never been able to get my icons to appear on bing/yahoo. They appear fine on Google, DDG (heavily relies on Bing), and all browsers. I have thorough (but not excessive) Metadata/schema/webmanifest, with multiple formats (ico, png, web and jpeg) and sizes (16x16, 32x32, 48x48, 180x180, 192x192, 512x512, 1200x630, etc). I do not link icons in my sitemap. I have bing webmasters set up (with actual search performance) + IndexNow, with verified rich results, and I have full menus in search (whatever it's called when your main page + 5 other pages show in one section). Bing displays one of my logo files below that. Fwiw, most of my projects are SvelteKit+Vite based. I notice that other top result sites on bing also don't have icons. Anybody else experience this? Anyone know a fix? &#32; submitted by &#32; /u/lesbiyond [link] &#32; [comments]",2026-04-18T00:27:40+00:00,2026-04-21T09:53:02.606830+00:00,hot,14,"{""matches"": {""schema_core"": [""rich results"", ""rich result""], ""implementation_intent"": [""fix"", ""set up""]}, ""group_points"": {""schema_core"": 8, ""implementation_intent"": 4}, ""freshness"": 3, ""negative_hits"": [""sitemap""], ""source_boost"": 0, ""gated"": false, ""gate_reason"": null}",,,fix; set up,,,,direct_service,Done-for-you / service,Treat this as a direct service lead first.,email_contact,Email for direct help,mailto:schemaagent@gmail.com,schemaagent@gmail.com,Best fit for: Bing Icons,"Here’s the fastest route I’d take.

This looks more hands-on than a template-only fix. If you want direct help with structured data visibility, email schemaagent@gmail.com.

Treat this as a direct service lead first.

Best next step: email schemaagent@gmail.com with the page URL and the exact issue.",Just following up in case you still want hands-on schema help for your setup. You can reach me at schemaagent@gmail.com.,reddit; techseo; broad
4615dd66213a8299,Reddit /r/TechSEO,reddit-techseo,forum,https://www.reddit.com/r/TechSEO/comments/1so11pz/fix_for_duplicate_faqs_error_due_to_yotpo_in,Fix for Duplicate FAQs error due to Yotpo in Shopify,"I was getting multiple errors on product pages saying &quot;Main Entity Missing&quot; and error field was generating dynamic ID yotpo .com/id/#FAQs. I tried disabling the addon and changed the settings but nothing worked so I added following code in themes.liquid and it fixed it immediately. &lt;script src=&quot;//instant.page/...&quot;&gt;&lt;/script&gt; &lt;script&gt; (function() { function removeYotpoFAQ() { document.querySelectorAll('script[type=&quot;application/ld+json&quot;]').forEach(function(el) { if (el.innerHTML.includes('yotpo.com/go') &amp;&amp; el.innerHTML.includes('FAQPage')) { el.remove(); } }); } document.addEventListener(&quot;DOMContentLoaded&quot;, removeYotpoFAQ); setTimeout(removeYotpoFAQ, 1000); setTimeout(removeYotpoFAQ, 2000); })(); &lt;/script&gt; &lt;/body&gt; &lt;/html&gt; sharing this for everyone facing similar problems. &#32; submitted by &#32; /u/shaitanmunda [link] &#32; [comments]",2026-04-17T13:29:35+00:00,2026-04-21T09:53:02.606895+00:00,hot,13,"{""matches"": {""schema_core"": [""ld+json""], ""implementation_intent"": [""fix"", ""error"", ""missing""], ""platforms"": [""shopify"", ""product page""]}, ""group_points"": {""schema_core"": 4, ""implementation_intent"": 4, ""platforms"": 2}, ""freshness"": 3, ""negative_hits"": [], ""source_boost"": 0, ""gated"": false, ""gate_reason"": null}",shopify,,fix; error; missing,,,,direct_service,Done-for-you / service,Respond as hands-on implementation help for an active schema problem.,email_contact,Email for direct help,mailto:schemaagent@gmail.com,schemaagent@gmail.com,Best fit for: Fix for Duplicate FAQs error due to Yotpo in Shopify,"Here’s the fastest route I’d take.

This looks more hands-on than a template-only fix. If you want direct help with structured data visibility, email schemaagent@gmail.com.

Respond as hands-on implementation help for an active schema problem.

Best next step: email schemaagent@gmail.com with the page URL and the exact issue.",Just following up in case you still want hands-on schema help for your setup. You can reach me at schemaagent@gmail.com.,reddit; techseo; broad
bc4afd8df78d8ac2,Reddit /r/TechSEO,reddit-techseo,forum,https://www.reddit.com/r/TechSEO/comments/1sn6zkj/structured_data_test_validate_jsonld_microdata,"Structured Data Test Validate JSON-LD, Microdata, RDFa, Open Graph & Twitter Cards.",&#32; submitted by &#32; /u/anish2good [link] &#32; [comments],2026-04-16T15:32:39+00:00,2026-04-21T09:53:02.607587+00:00,hot,13,"{""matches"": {""schema_core"": [""structured data"", ""json-ld""], ""implementation_intent"": [""validate""]}, ""group_points"": {""schema_core"": 8, ""implementation_intent"": 2}, ""freshness"": 3, ""negative_hits"": [], ""source_boost"": 0, ""gated"": false, ""gate_reason"": null}",,,validate,8Gwifi,https://8gwifi.org/seo/structured-data.jsp,"{""business_url"": ""https://8gwifi.org/seo/structured-data.jsp"", ""final_url"": ""https://8gwifi.org/seo/structured-data.jsp"", ""domain"": ""8gwifi.org"", ""status_code"": 403, ""ok"": false, ""has_json_ld"": false, ""schema_types"": [], ""cms"": null, ""site_kind"": null, ""title"": null, ""opportunity_gaps"": [], ""notes"": [], ""error"": ""HTTP 403""}",direct_service,Done-for-you / service,Treat this as a direct service lead first.,email_contact,Email for direct help,mailto:schemaagent@gmail.com,schemaagent@gmail.com,Schema help for 8Gwifi,"Here’s the fastest route I’d take.

This looks more hands-on than a template-only fix. If you want direct help with structured data visibility, email schemaagent@gmail.com.

Treat this as a direct service lead first.

Best next step: email schemaagent@gmail.com with the page URL and the exact issue.",Just following up in case you still want hands-on schema help for 8Gwifi. You can reach me at schemaagent@gmail.com.,reddit; techseo; broad
7cad77e02dd47c6d,WordPress Support - Schema & Structured Data for WP & AMP,wordpress-schema-support,forum,https://wordpress.org/support/topic/missing-field-mainentity-in-faq-schema,Missing field ‘mainEntity’ in FAQ schema,Started by: webrightnow,,2026-04-21T09:53:05.053726+00:00,hot,13,"{""matches"": {""schema_types"": [""faq schema""], ""schema_errors"": [""missing field"", ""mainentity""], ""implementation_intent"": [""missing""]}, ""group_points"": {""schema_types"": 3, ""schema_errors"": 6, ""implementation_intent"": 2}, ""freshness"": 0, ""negative_hits"": [], ""source_boost"": 2, ""gated"": false, ""gate_reason"": null}",,missing_schema; faq_schema,missing,,,,direct_service,Done-for-you / service,Treat this as a direct service lead first.,email_contact,Email for direct help,mailto:schemaagent@gmail.com,schemaagent@gmail.com,Best fit for: Missing field ‘mainEntity’ in FAQ schema,"Here’s the fastest route I’d take.

This looks more hands-on than a template-only fix. If you want direct help with missing_schema, faq_schema, email schemaagent@gmail.com.

Treat this as a direct service lead first.

Best next step: email schemaagent@gmail.com with the page URL and the exact issue.",Just following up in case you still want hands-on schema help for your setup. You can reach me at schemaagent@gmail.com.,wordpress; schema; support; schema-centric
77d7ea9726114f34,Reddit /r/TechSEO,reddit-techseo,forum,https://www.reddit.com/r/TechSEO/comments/1sr4okq/do_you_need_a_google_review_feed_for_star_ratings,Do you need a Google Review Feed for star ratings in SERPs?,"Noticed something weird while doing competitor research in the jewelry niche. About 80% of my competitors have zero star ratings showing in Google SERPs, including my own shop. Most of us are running Shopify with Judge me as the review widget, which supposedly supports structured data out of the box. But a handful of competitors DO have stars showing. And from what I can tell, the main difference seems to be that they're pulling in a Google Review Feed rather than (or in addition to) on-site reviews. So my question: Is Google now requiring a native Google review feed to display stars in SERPs for certain niches or product categories? Or is this just a structured data implementation issue? &#32; submitted by &#32; /u/iamwazor [link] &#32; [comments]",2026-04-20T22:07:48+00:00,2026-04-21T09:53:02.606338+00:00,hot,12,"{""matches"": {""schema_core"": [""structured data""], ""implementation_intent"": [""implement"", ""implementation"", ""support""], ""platforms"": [""shopify""]}, ""group_points"": {""schema_core"": 4, ""implementation_intent"": 4, ""platforms"": 1}, ""freshness"": 3, ""negative_hits"": [], ""source_boost"": 0, ""gated"": false, ""gate_reason"": null}",shopify,,implement; implementation; support,,,,direct_service,Done-for-you / service,Respond as hands-on implementation help for an active schema problem.,email_contact,Email for direct help,mailto:schemaagent@gmail.com,schemaagent@gmail.com,Best fit for: Do you need a Google Review Feed for star ratings in SERPs?,"Here’s the fastest route I’d take.

This looks more hands-on than a template-only fix. If you want direct help with structured data visibility, email schemaagent@gmail.com.

Respond as hands-on implementation help for an active schema problem.

Best next step: email schemaagent@gmail.com with the page URL and the exact issue.",Just following up in case you still want hands-on schema help for your setup. You can reach me at schemaagent@gmail.com.,reddit; techseo; broad
9855791d01ea1633,WordPress Support - Schema & Structured Data for WP & AMP,wordpress-schema-support,forum,https://wordpress.org/support/topic/json-ld-product-schema-syntax-issues-data-types-case-sensitivity,JSON-LD Product Schema syntax issues (Data Types & Case Sensitivity,Started by: ventio,,2026-04-21T09:53:05.057103+00:00,warm,9,"{""matches"": {""schema_core"": [""json-ld""], ""schema_types"": [""product schema""]}, ""group_points"": {""schema_core"": 4, ""schema_types"": 3}, ""freshness"": 0, ""negative_hits"": [], ""source_boost"": 2, ""gated"": false, ""gate_reason"": null}",,product_schema,,,,,ai_visibility_kit,AI Visibility Kit,"Lead with a lightweight, lower-friction offer.",forum_reply,Get the AI Visibility Kit,https://schemaagent.gumroad.com/l/rfces,schemaagent@gmail.com,Best fit for: JSON-LD Product Schema syntax issues (Data Types & Case Sens,"You can solve this without overcomplicating the build.

It looks like the fastest fix here is a simple schema implementation path for your site. If you want a no-code shortcut for product_schema, the AI Visibility Kit is the best fit.

Lead with a lightweight, lower-friction offer.

Best next step: https://schemaagent.gumroad.com/l/rfces",Following up in case you still want the quickest route to get this live for your setup. Best fit: https://schemaagent.gumroad.com/l/rfces,wordpress; schema; support; schema-centric
edc10e191b0d9746,WordPress Support - Schema & Structured Data for WP & AMP,wordpress-schema-support,forum,https://wordpress.org/support/topic/how-can-i-pull-ldjson-from-one-post-to-another,How can I pull ld+json from one post to another?,Started by: Roma,,2026-04-21T09:53:05.053398+00:00,watch,6,"{""matches"": {""schema_core"": [""ld+json""]}, ""group_points"": {""schema_core"": 4}, ""freshness"": 0, ""negative_hits"": [], ""source_boost"": 2, ""gated"": false, ""gate_reason"": null}",,,,,,,ai_visibility_kit,AI Visibility Kit,"Lead with a lightweight, lower-friction offer.",forum_reply,Get the AI Visibility Kit,https://schemaagent.gumroad.com/l/rfces,schemaagent@gmail.com,Best fit for: How can I pull ld+json from one post to another?,"You can solve this without overcomplicating the build.

It looks like the fastest fix here is a simple schema implementation path for your site. If you want a no-code shortcut for structured data visibility, the AI Visibility Kit is the best fit.

Lead with a lightweight, lower-friction offer.

Best next step: https://schemaagent.gumroad.com/l/rfces",Following up in case you still want the quickest route to get this live for your setup. Best fit: https://schemaagent.gumroad.com/l/rfces,wordpress; schema; support; schema-centric
02801cb48733b6cb,WordPress Support - Schema & Structured Data for WP & AMP,wordpress-schema-support,forum,https://wordpress.org/support/topic/how-plugin-load-schema-markup-in-theme,How plugin load schema markup in theme?,Started by: FARAZFRANK,,2026-04-21T09:53:05.059316+00:00,watch,6,"{""matches"": {""schema_core"": [""schema markup""]}, ""group_points"": {""schema_core"": 4}, ""freshness"": 0, ""negative_hits"": [], ""source_boost"": 2, ""gated"": false, ""gate_reason"": null}",,,,,,,ai_visibility_kit,AI Visibility Kit,"Lead with a lightweight, lower-friction offer.",forum_reply,Get the AI Visibility Kit,https://schemaagent.gumroad.com/l/rfces,schemaagent@gmail.com,Best fit for: How plugin load schema markup in theme?,"You can solve this without overcomplicating the build.

It looks like the fastest fix here is a simple schema implementation path for your site. If you want a no-code shortcut for structured data visibility, the AI Visibility Kit is the best fit.

Lead with a lightweight, lower-friction offer.

Best next step: https://schemaagent.gumroad.com/l/rfces",Following up in case you still want the quickest route to get this live for your setup. Best fit: https://schemaagent.gumroad.com/l/rfces,wordpress; schema; support; schema-centric
14b111b851cc8fe5,Google Search Central Community - Structured Data,google-search-central-structured-data,forum,https://support.google.com/webmasters/thread/237836804/not-able-to-preview-the-structured-data?hl=en,Not able to preview the structured data,,,2026-04-21T09:53:05.815508+00:00,watch,6,"{""matches"": {""schema_core"": [""structured data""]}, ""group_points"": {""schema_core"": 4}, ""freshness"": 0, ""negative_hits"": [], ""source_boost"": 2, ""gated"": false, ""gate_reason"": null}",,,,,,,ai_visibility_kit,AI Visibility Kit,"Lead with a lightweight, lower-friction offer.",forum_reply,Get the AI Visibility Kit,https://schemaagent.gumroad.com/l/rfces,schemaagent@gmail.com,Best fit for: Not able to preview the structured data,"You can solve this without overcomplicating the build.

It looks like the fastest fix here is a simple schema implementation path for your site. If you want a no-code shortcut for structured data visibility, the AI Visibility Kit is the best fit.

Lead with a lightweight, lower-friction offer.

Best next step: https://schemaagent.gumroad.com/l/rfces",Following up in case you still want the quickest route to get this live for your setup. Best fit: https://schemaagent.gumroad.com/l/rfces,google; search-central; structured-data; schema-centric
a548be9dc82b178a,WordPress Support - Schema & Structured Data for WP & AMP,wordpress-schema-support,forum,https://wordpress.org/support/topic/faq-schema-disappeard-from-every-post,FAQ schema disappeard from every post,Started by: strictlydata,,2026-04-21T09:53:05.059908+00:00,watch,5,"{""matches"": {""schema_types"": [""faq schema""]}, ""group_points"": {""schema_types"": 3}, ""freshness"": 0, ""negative_hits"": [], ""source_boost"": 2, ""gated"": false, ""gate_reason"": null}",,faq_schema,,,,,ai_visibility_kit,AI Visibility Kit,"Lead with a lightweight, lower-friction offer.",forum_reply,Get the AI Visibility Kit,https://schemaagent.gumroad.com/l/rfces,schemaagent@gmail.com,Best fit for: FAQ schema disappeard from every post,"You can solve this without overcomplicating the build.

It looks like the fastest fix here is a simple schema implementation path for your site. If you want a no-code shortcut for faq_schema, the AI Visibility Kit is the best fit.

Lead with a lightweight, lower-friction offer.

Best next step: https://schemaagent.gumroad.com/l/rfces",Following up in case you still want the quickest route to get this live for your setup. Best fit: https://schemaagent.gumroad.com/l/rfces,wordpress; schema; support; schema-centric
9fa8f8485aee7a46,WordPress Support - Schema & Structured Data for WP & AMP,wordpress-schema-support,forum,https://wordpress.org/support/topic/problem-with-organization-schema-on-reviews,Problem with Organization Schema on Reviews,Started by: defdas2,,2026-04-21T09:53:05.061944+00:00,watch,5,"{""matches"": {""schema_types"": [""organization schema""]}, ""group_points"": {""schema_types"": 3}, ""freshness"": 0, ""negative_hits"": [], ""source_boost"": 2, ""gated"": false, ""gate_reason"": null}",,local_schema,,,,,ai_visibility_kit,AI Visibility Kit,"Lead with a lightweight, lower-friction offer.",forum_reply,Get the AI Visibility Kit,https://schemaagent.gumroad.com/l/rfces,schemaagent@gmail.com,Best fit for: Problem with Organization Schema on Reviews,"You can solve this without overcomplicating the build.

It looks like the fastest fix here is a simple schema implementation path for your site. If you want a no-code shortcut for local_schema, the AI Visibility Kit is the best fit.

Lead with a lightweight, lower-friction offer.

Best next step: https://schemaagent.gumroad.com/l/rfces",Following up in case you still want the quickest route to get this live for your setup. Best fit: https://schemaagent.gumroad.com/l/rfces,wordpress; schema; support; schema-centric
